Vancouver (min),7.13E-05
New York,0.000353722
Seattle,0.000431931
Las Vegas,0.000907684
Boston,0.001138327
Chicago,0.004462099
Dallas,0.007826339
Los Angeles,0.068838902
Beersheba (max),0.114507012
